{"cameraMode":{"drawMode":0,"name":"Shaded","section":"Shading Mode"},"sceneLighting":true,"audioPlay":false,"sceneViewState":{"m_AlwaysRefresh":false,"showFog":true,"showSkybox":true,"showFlares":true,"showImageEffects":true,"showParticleSystems":true,"showVisualEffectGraphs":true,"m_FxEnabled":true},"in2DMode":false,"pivot":{"x":14.492267608642579,"y":60.72562789916992,"z":45.801849365234378},"rotation":{"x":0.0007530587026849389,"y":0.9994553327560425,"z":0.027245929464697839,"w":0.019419919699430467},"size":0.24738551676273347,"orthographic":false}